round,action,optimal_action,reward,cumulative_reward,cumulative_regret
1,0,2,0,0,0.5176372110128351
2,1,2,0,0,1.0855437168284179
3,2,2,1,1,1.0855437168284179
4,2,2,0,1,1.0855437168284179
5,2,2,1,2,1.0855437168284179
6,2,2,1,3,1.0855437168284179
7,2,2,1,4,1.0855437168284179
8,2,2,1,5,1.0855437168284179
9,2,2,1,6,1.0855437168284179
10,2,2,0,6,1.0855437168284179
11,2,2,0,6,1.0855437168284179
12,0,2,0,6,1.5794045382863162
13,1,2,0,6,2.1841516125571814
14,2,2,1,7,2.1841516125571814
15,2,2,1,8,2.1841516125571814
16,2,2,1,9,2.1841516125571814
17,2,2,1,10,2.1841516125571814
18,2,2,1,11,2.1841516125571814
19,2,2,0,11,2.1841516125571814
20,2,2,1,12,2.1841516125571814
21,2,2,1,13,2.1841516125571814
22,2,2,1,14,2.1841516125571814
23,2,2,0,14,2.1841516125571814
24,2,2,1,15,2.1841516125571814
25,2,2,1,16,2.1841516125571814
26,2,2,1,17,2.1841516125571814
27,2,2,1,18,2.1841516125571814
28,2,2,0,18,2.1841516125571814
29,2,2,1,19,2.1841516125571814
30,2,2,0,19,2.1841516125571814
31,2,2,0,19,2.1841516125571814
32,2,2,1,20,2.1841516125571814
33,2,2,0,20,2.1841516125571814
34,0,2,0,20,2.7357093848688043
35,1,2,0,20,3.3282905025036347
36,2,2,1,21,3.3282905025036347
37,2,2,1,22,3.3282905025036347
38,2,2,0,22,3.3282905025036347
39,2,2,0,22,3.3282905025036347
40,2,2,1,23,3.3282905025036347
41,2,2,1,24,3.3282905025036347
42,2,2,1,25,3.3282905025036347
43,2,2,0,25,3.3282905025036347
44,2,2,1,26,3.3282905025036347
45,2,2,1,27,3.3282905025036347
46,2,2,1,28,3.3282905025036347
47,2,2,0,28,3.3282905025036347
48,2,2,1,29,3.3282905025036347
49,2,2,1,30,3.3282905025036347
50,2,2,1,31,3.3282905025036347
51,0,2,0,31,3.9118021513973713
52,1,2,1,32,4.516543071745243
53,1,2,0,32,5.09983099117368
54,1,2,0,32,5.638868915760102
55,2,2,1,33,5.638868915760102
56,2,2,1,34,5.638868915760102
57,2,2,0,34,5.638868915760102
58,2,2,1,35,5.638868915760102
59,2,2,0,35,5.638868915760102
60,2,2,1,36,5.638868915760102
61,2,2,1,37,5.638868915760102
62,0,2,0,37,6.166253537978707
63,1,2,0,37,6.8151501531770196
64,2,2,1,38,6.8151501531770196
65,2,2,1,39,6.8151501531770196
66,2,2,1,40,6.8151501531770196
67,2,2,1,41,6.8151501531770196
68,2,2,0,41,6.8151501531770196
69,2,2,1,42,6.8151501531770196
70,2,2,0,42,6.8151501531770196
71,2,2,1,43,6.8151501531770196
72,2,2,0,43,6.8151501531770196
73,2,2,1,44,6.8151501531770196
74,2,2,1,45,6.8151501531770196
75,2,2,1,46,6.8151501531770196
76,2,2,1,47,6.8151501531770196
77,2,2,1,48,6.8151501531770196
78,2,2,1,49,6.8151501531770196
79,2,2,1,50,6.8151501531770196
80,2,2,1,51,6.8151501531770196
81,2,2,0,51,6.8151501531770196
82,2,2,1,52,6.8151501531770196
83,2,2,1,53,6.8151501531770196
84,0,2,0,53,7.217199202448898
85,2,2,1,54,7.217199202448898
86,2,2,0,54,7.217199202448898
87,2,2,1,55,7.217199202448898
88,2,2,1,56,7.217199202448898
89,2,2,0,56,7.217199202448898
90,2,2,1,57,7.217199202448898
91,2,2,0,57,7.217199202448898
92,2,2,0,57,7.217199202448898
93,2,2,0,57,7.217199202448898
94,1,2,0,57,7.846402830944147
95,2,2,1,58,7.846402830944147
96,2,2,1,59,7.846402830944147
97,2,2,1,60,7.846402830944147
98,2,2,0,60,7.846402830944147
99,2,2,0,60,7.846402830944147
100,2,2,0,60,7.846402830944147
101,0,2,0,60,8.347154605091955
102,2,2,1,61,8.347154605091955
103,2,2,1,62,8.347154605091955
104,1,2,0,62,8.956007756837032
105,2,2,1,63,8.956007756837032
106,2,2,1,64,8.956007756837032
107,2,2,1,65,8.956007756837032
108,2,2,0,65,8.956007756837032
109,2,2,1,66,8.956007756837032
110,2,2,1,67,8.956007756837032
111,2,2,1,68,8.956007756837032
112,0,2,0,68,9.381751030331097
113,1,2,0,68,9.91784376254028
114,2,2,1,69,9.91784376254028
115,2,2,0,69,9.91784376254028
116,2,2,0,69,9.91784376254028
117,2,2,1,70,9.91784376254028
118,2,2,1,71,9.91784376254028
119,2,2,0,71,9.91784376254028
120,2,2,1,72,9.91784376254028
121,2,2,1,73,9.91784376254028
122,2,2,0,73,9.91784376254028
123,2,2,1,74,9.91784376254028
124,2,2,0,74,9.91784376254028
125,2,2,0,74,9.91784376254028
126,2,2,1,75,9.91784376254028
127,2,2,1,76,9.91784376254028
128,2,2,1,77,9.91784376254028
129,2,2,1,78,9.91784376254028
130,2,2,1,79,9.91784376254028
131,2,2,1,80,9.91784376254028
132,2,2,1,81,9.91784376254028
133,2,2,1,82,9.91784376254028
134,0,2,0,82,10.399688634657606
135,2,2,1,83,10.399688634657606
136,2,2,0,83,10.399688634657606
137,2,2,0,83,10.399688634657606
138,2,2,0,83,10.399688634657606
139,2,2,1,84,10.399688634657606
140,2,2,1,85,10.399688634657606
141,2,2,1,86,10.399688634657606
142,2,2,1,87,10.399688634657606
143,2,2,0,87,10.399688634657606
144,1,2,0,87,11.020813425473952
145,2,2,1,88,11.020813425473952
146,2,2,1,89,11.020813425473952
147,2,2,1,90,11.020813425473952
148,2,2,0,90,11.020813425473952
149,2,2,1,91,11.020813425473952
150,2,2,0,91,11.020813425473952
151,0,2,1,92,11.478049387625651
152,0,2,0,92,11.90754638691292
153,0,2,1,93,12.325187347503602
154,0,2,0,93,12.65941013220107
155,1,2,0,93,13.06721967992488
156,0,2,0,93,13.299109740110097
157,2,2,0,93,13.299109740110097
158,2,2,0,93,13.299109740110097
159,2,2,0,93,13.299109740110097
160,2,2,1,94,13.299109740110097
161,2,2,0,94,13.299109740110097
162,0,0,0,94,13.299109740110097
163,1,0,1,95,13.581241954782083
164,1,0,0,95,13.876160269138856
165,1,0,1,96,14.148326978526978
166,1,0,0,96,14.451402385569448
167,1,0,0,96,14.774487408178068
168,2,0,1,97,14.94344045329795
169,2,0,0,97,15.301707153721253
170,2,0,0,97,15.489182260118124
171,0,0,1,98,15.489182260118124
172,0,0,1,99,15.489182260118124
173,0,0,1,100,15.489182260118124
174,0,0,1,101,15.489182260118124
175,0,0,1,102,15.489182260118124
176,0,0,1,103,15.489182260118124
177,0,0,0,103,15.489182260118124
178,0,0,1,104,15.489182260118124
179,0,0,0,104,15.489182260118124
180,0,0,1,105,15.489182260118124
181,0,0,1,106,15.489182260118124
182,0,0,1,107,15.489182260118124
183,0,0,0,107,15.489182260118124
184,0,0,1,108,15.489182260118124
185,0,0,1,109,15.489182260118124
186,0,0,1,110,15.489182260118124
187,0,0,1,111,15.489182260118124
188,0,0,1,112,15.489182260118124
189,0,0,1,113,15.489182260118124
190,0,0,1,114,15.489182260118124
191,0,0,0,114,15.489182260118124
192,0,0,1,115,15.489182260118124
193,0,0,1,116,15.489182260118124
194,0,0,0,116,15.489182260118124
195,0,0,0,116,15.489182260118124
196,0,0,1,117,15.489182260118124
197,0,0,0,117,15.489182260118124
198,0,0,1,118,15.489182260118124
199,0,0,1,119,15.489182260118124
200,0,0,0,119,15.489182260118124
201,1,0,0,119,15.89959434762723
202,0,0,1,120,15.89959434762723
203,0,0,1,121,15.89959434762723
204,0,0,1,122,15.89959434762723
205,0,0,1,123,15.89959434762723
206,0,0,0,123,15.89959434762723
207,0,0,0,123,15.89959434762723
208,0,0,1,124,15.89959434762723
209,2,0,0,124,16.403879454946743
210,0,0,1,125,16.403879454946743
211,2,0,1,126,16.89569256190104
212,2,0,0,126,17.263345761770683
213,0,0,1,127,17.263345761770683
214,0,0,0,127,17.263345761770683
215,0,0,0,127,17.263345761770683
216,1,0,0,127,17.682718211594917
217,1,0,1,128,17.972582492373434
218,1,0,0,128,18.407482046575115
219,1,0,0,128,18.797044574618464
220,2,0,1,129,19.25014317056247
221,2,0,1,130,19.79123042925536
222,2,0,0,130,20.13924929552287
223,2,0,0,130,20.525801435201206
224,2,0,0,130,21.15313694265558
225,0,0,0,130,21.15313694265558
226,0,0,1,131,21.15313694265558
227,0,0,0,131,21.15313694265558
228,0,0,0,131,21.15313694265558
229,0,0,1,132,21.15313694265558
230,0,0,1,133,21.15313694265558
231,0,0,0,133,21.15313694265558
232,2,0,0,133,21.75706113822781
233,0,0,1,134,21.75706113822781
234,0,0,0,134,21.75706113822781
235,0,0,1,135,21.75706113822781
236,0,0,1,136,21.75706113822781
237,0,0,0,136,21.75706113822781
238,1,0,0,136,22.373524772084586
239,2,0,0,136,22.96274387273528
240,0,0,1,137,22.96274387273528
241,0,0,1,138,22.96274387273528
242,0,0,1,139,22.96274387273528
243,0,0,1,140,22.96274387273528
244,0,0,1,141,22.96274387273528
245,0,0,0,141,22.96274387273528
246,0,0,1,142,22.96274387273528
247,0,0,0,142,22.96274387273528
248,0,0,1,143,22.96274387273528
249,0,0,1,144,22.96274387273528
250,0,0,0,144,22.96274387273528
251,0,0,0,144,22.96274387273528
252,0,0,0,144,22.96274387273528
253,1,0,0,144,23.534465497824907
254,0,0,1,145,23.534465497824907
255,0,0,1,146,23.534465497824907
256,0,0,1,147,23.534465497824907
257,0,0,0,147,23.534465497824907
258,0,0,0,147,23.534465497824907
259,2,0,1,148,23.88035022920626
260,2,0,0,148,24.272063498869898
261,0,0,1,149,24.272063498869898
262,2,0,0,149,24.649470159188905
263,0,0,1,150,24.649470159188905
264,0,0,0,150,24.649470159188905
265,0,0,0,150,24.649470159188905
266,1,0,1,151,25.13590090927991
267,1,0,0,151,25.440543478086575
268,1,0,0,151,26.068096796966916
269,1,0,1,152,26.497514600823756
270,1,0,0,152,26.923665555420193
271,1,0,0,152,27.46042775779358
272,0,0,1,153,27.46042775779358
273,0,0,1,154,27.46042775779358
274,2,0,1,155,27.94289885779869
275,2,0,1,156,28.262183613628576
276,2,0,0,156,28.587922132807822
277,2,0,1,157,28.956956952396588
278,2,0,1,158,29.218237851266863
279,2,0,0,158,29.664369786196758
280,2,0,1,159,29.960601302549396
281,2,0,0,159,30.31893654710924
282,2,0,0,159,30.88134123152063
283,0,0,1,160,30.88134123152063
284,0,0,1,161,30.88134123152063
285,0,0,1,162,30.88134123152063
286,0,0,0,162,30.88134123152063
287,0,0,0,162,30.88134123152063
288,0,0,1,163,30.88134123152063
289,2,0,0,163,31.30345656104353
290,0,0,0,163,31.30345656104353
291,2,0,0,163,31.447888738660428
292,0,0,1,164,31.447888738660428
293,0,0,1,165,31.447888738660428
294,0,0,1,166,31.447888738660428
295,0,0,1,167,31.447888738660428
296,0,0,0,167,31.447888738660428
297,0,0,1,168,31.447888738660428
298,0,0,1,169,31.447888738660428
299,0,0,1,170,31.447888738660428
300,0,0,1,171,31.447888738660428
301,0,0,1,172,31.447888738660428
302,0,0,1,173,31.447888738660428
303,0,0,0,173,31.447888738660428
304,0,0,1,174,31.447888738660428
305,0,0,1,175,31.447888738660428
306,0,0,1,176,31.447888738660428
307,0,0,1,177,31.447888738660428
308,0,0,1,178,31.447888738660428
309,0,0,1,179,31.447888738660428
310,0,0,1,180,31.447888738660428
311,0,0,1,181,31.447888738660428
312,0,0,0,181,31.447888738660428
313,0,0,0,181,31.447888738660428
314,0,0,1,182,31.447888738660428
315,0,0,0,182,31.447888738660428
316,0,0,0,182,31.447888738660428
317,0,0,1,183,31.447888738660428
318,1,0,1,184,31.909709636980324
319,1,0,0,184,32.2851594373707
320,1,0,0,184,32.84287654241115
321,1,0,0,184,33.41802726764839
322,0,0,1,185,33.41802726764839
323,0,0,1,186,33.41802726764839
324,0,0,0,186,33.41802726764839
325,0,0,0,186,33.41802726764839
326,1,0,0,186,33.84538392635432
327,0,0,1,187,33.84538392635432
328,0,0,0,187,33.84538392635432
329,0,0,0,187,33.84538392635432
330,0,0,1,188,33.84538392635432
331,0,0,1,189,33.84538392635432
332,2,0,1,190,34.41547375028403
333,2,0,0,190,34.76528877917615
334,2,0,1,191,35.1861983697759
335,2,0,0,191,35.576862294631695
336,0,0,0,191,35.576862294631695
337,0,0,1,192,35.576862294631695
338,0,0,1,193,35.576862294631695
339,2,0,0,193,36.02631787123418
340,0,0,0,193,36.02631787123418
341,2,0,0,193,36.51535399187905
342,0,0,0,193,36.51535399187905
343,2,0,1,194,36.9827241521449
344,2,0,0,194,37.23571896503253
345,0,0,0,194,37.23571896503253
346,0,0,1,195,37.23571896503253
347,0,0,1,196,37.23571896503253
348,0,0,0,196,37.23571896503253
349,2,0,0,196,37.678556387866664
350,0,0,1,197,37.678556387866664
351,0,0,0,197,37.678556387866664
352,1,0,0,197,38.19535416367616
353,0,0,1,198,38.19535416367616
354,0,0,0,198,38.19535416367616
355,2,0,0,198,38.76388948900777
356,0,0,1,199,38.76388948900777
357,0,0,1,200,38.76388948900777
358,0,0,0,200,38.76388948900777
359,0,0,0,200,38.76388948900777
360,2,0,0,200,39.01703102804463
361,1,0,1,201,39.555377598338794
362,1,0,0,201,40.17298851637761
363,0,0,0,201,40.17298851637761
364,1,0,0,201,40.7432109317939
365,0,0,1,202,40.7432109317939
366,0,0,1,203,40.7432109317939
367,0,0,1,204,40.7432109317939
368,0,0,0,204,40.7432109317939
369,0,0,1,205,40.7432109317939
370,0,0,1,206,40.7432109317939
371,1,0,0,206,40.988228417991806
372,0,0,1,207,40.988228417991806
373,0,0,1,208,40.988228417991806
374,0,0,0,208,40.988228417991806
375,0,1,0,208,41.088996613114354
376,1,1,1,209,41.088996613114354
377,1,0,0,209,41.19035074569802
378,1,0,1,210,41.33748018774606
379,1,0,0,210,41.487628682985914
380,0,0,0,210,41.487628682985914
381,1,0,0,210,41.515525097352715
382,0,1,0,210,41.63921346245747
383,0,1,1,211,41.82614713300958
384,0,1,0,211,41.9522173883396
385,0,1,0,211,42.17772769374792
386,0,1,1,212,42.423262062667426
387,0,1,0,212,42.778754026286926
388,1,1,1,213,42.778754026286926
389,1,1,1,214,42.778754026286926
390,1,1,1,215,42.778754026286926
391,1,1,1,216,42.778754026286926
392,1,1,0,216,42.778754026286926
393,1,1,0,216,42.778754026286926
394,2,1,0,216,43.38040977808274
395,1,1,1,217,43.38040977808274
396,1,1,1,218,43.38040977808274
397,1,1,1,219,43.38040977808274
398,1,1,1,220,43.38040977808274
399,1,1,0,220,43.38040977808274
400,1,1,1,221,43.38040977808274
401,1,1,1,222,43.38040977808274
402,1,1,1,223,43.38040977808274
403,1,1,1,224,43.38040977808274
404,1,1,1,225,43.38040977808274
405,2,1,0,225,44.14340044333322
406,1,1,1,226,44.14340044333322
407,1,1,1,227,44.14340044333322
408,1,1,1,228,44.14340044333322
409,1,1,1,229,44.14340044333322
410,2,1,0,229,44.86797582303836
411,1,1,1,230,44.86797582303836
412,1,1,1,231,44.86797582303836
413,1,1,1,232,44.86797582303836
414,1,1,1,233,44.86797582303836
415,1,1,1,234,44.86797582303836
416,1,1,1,235,44.86797582303836
417,1,1,1,236,44.86797582303836
418,1,1,1,237,44.86797582303836
419,1,1,0,237,44.86797582303836
420,1,1,1,238,44.86797582303836
421,1,1,1,239,44.86797582303836
422,1,1,1,240,44.86797582303836
423,1,1,1,241,44.86797582303836
424,1,1,1,242,44.86797582303836
425,1,1,1,243,44.86797582303836
426,1,1,0,243,44.86797582303836
427,1,1,1,244,44.86797582303836
428,1,1,1,245,44.86797582303836
429,1,1,1,246,44.86797582303836
430,1,1,1,247,44.86797582303836
431,1,1,1,248,44.86797582303836
432,1,1,1,249,44.86797582303836
433,1,1,1,250,44.86797582303836
434,0,1,0,250,45.58973288100486
435,0,1,0,250,46.31260469520361
436,1,1,1,251,46.31260469520361
437,1,1,1,252,46.31260469520361
438,1,1,1,253,46.31260469520361
439,1,1,1,254,46.31260469520361
440,1,1,0,254,46.31260469520361
441,1,1,1,255,46.31260469520361
442,1,1,0,255,46.31260469520361
443,1,1,1,256,46.31260469520361
444,1,1,1,257,46.31260469520361
445,1,1,1,258,46.31260469520361
446,1,1,1,259,46.31260469520361
447,1,1,1,260,46.31260469520361
448,1,1,1,261,46.31260469520361
449,1,1,1,262,46.31260469520361
450,1,1,1,263,46.31260469520361
451,1,1,1,264,46.31260469520361
452,1,1,1,265,46.31260469520361
453,1,1,1,266,46.31260469520361
454,1,1,1,267,46.31260469520361
455,2,1,0,267,47.094326780778694
456,1,1,1,268,47.094326780778694
457,1,1,0,268,47.094326780778694
458,1,1,0,268,47.094326780778694
459,1,1,0,268,47.094326780778694
460,2,1,0,268,47.87670199194303
461,1,1,1,269,47.87670199194303
462,1,1,1,270,47.87670199194303
463,1,1,1,271,47.87670199194303
464,1,1,1,272,47.87670199194303
465,1,1,1,273,47.87670199194303
466,1,1,1,274,47.87670199194303
467,1,1,1,275,47.87670199194303
468,1,1,1,276,47.87670199194303
469,1,1,1,277,47.87670199194303
470,1,1,1,278,47.87670199194303
471,1,1,0,278,47.87670199194303
472,1,1,1,279,47.87670199194303
473,1,1,1,280,47.87670199194303
474,1,1,1,281,47.87670199194303
475,1,1,1,282,47.87670199194303
476,1,1,1,283,47.87670199194303
477,1,1,1,284,47.87670199194303
478,1,1,1,285,47.87670199194303
479,1,1,1,286,47.87670199194303
480,1,1,0,286,47.87670199194303
481,1,1,1,287,47.87670199194303
482,1,1,1,288,47.87670199194303
483,1,1,1,289,47.87670199194303
484,0,1,0,289,48.59938256935625
485,0,1,0,289,49.31664174033057
486,1,1,0,289,49.31664174033057
487,1,1,1,290,49.31664174033057
488,1,1,1,291,49.31664174033057
489,1,1,1,292,49.31664174033057
490,1,1,1,293,49.31664174033057
491,1,1,1,294,49.31664174033057
492,1,1,1,295,49.31664174033057
493,1,1,1,296,49.31664174033057
494,1,1,1,297,49.31664174033057
495,1,1,1,298,49.31664174033057
496,1,1,1,299,49.31664174033057
497,1,1,1,300,49.31664174033057
498,1,1,1,301,49.31664174033057
499,1,1,1,302,49.31664174033057
500,1,1,1,303,49.31664174033057
501,1,1,1,304,49.31664174033057
502,1,1,1,305,49.31664174033057
503,1,1,1,306,49.31664174033057
504,1,1,1,307,49.31664174033057
505,2,1,0,307,50.083552707370885
506,1,1,0,307,50.083552707370885
507,1,1,0,307,50.083552707370885
508,1,1,1,308,50.083552707370885
509,1,1,1,309,50.083552707370885
510,2,1,0,309,50.83495789475448
511,1,1,1,310,50.83495789475448
512,1,1,0,310,50.83495789475448
513,1,1,0,310,50.83495789475448
514,1,1,1,311,50.83495789475448
515,1,1,1,312,50.83495789475448
516,1,1,1,313,50.83495789475448
517,1,1,1,314,50.83495789475448
518,1,1,1,315,50.83495789475448
519,1,1,0,315,50.83495789475448
520,1,1,1,316,50.83495789475448
521,1,1,1,317,50.83495789475448
522,1,1,1,318,50.83495789475448
523,1,1,1,319,50.83495789475448
524,1,1,1,320,50.83495789475448
525,1,1,0,320,50.83495789475448
526,1,1,1,321,50.83495789475448
527,1,1,0,321,50.83495789475448
528,1,1,0,321,50.83495789475448
529,0,1,0,321,51.55665111881873
530,1,1,1,322,51.55665111881873
531,1,1,1,323,51.55665111881873
532,1,1,1,324,51.55665111881873
533,1,1,1,325,51.55665111881873
534,1,1,0,325,51.55665111881873
535,0,1,0,325,52.27669153546644
536,1,1,1,326,52.27669153546644
537,1,1,1,327,52.27669153546644
538,1,1,0,327,52.27669153546644
539,0,1,0,327,52.99644364376924
540,2,1,0,327,53.73205467029526
541,1,1,1,328,53.73205467029526
542,1,1,1,329,53.73205467029526
543,1,1,1,330,53.73205467029526
544,1,1,1,331,53.73205467029526
545,1,1,1,332,53.73205467029526
546,1,1,0,332,53.73205467029526
547,1,1,0,332,53.73205467029526
548,1,1,1,333,53.73205467029526
549,1,1,1,334,53.73205467029526
550,1,1,1,335,53.73205467029526
551,1,1,1,336,53.73205467029526
552,1,1,1,337,53.73205467029526
553,1,1,1,338,53.73205467029526
554,1,1,1,339,53.73205467029526
555,2,1,0,339,54.49441396331838
556,1,1,1,340,54.49441396331838
557,1,1,1,341,54.49441396331838
558,1,1,0,341,54.49441396331838
559,1,1,1,342,54.49441396331838
560,2,1,0,342,55.28752457355801
561,1,1,1,343,55.28752457355801
562,1,1,1,344,55.28752457355801
563,1,1,1,345,55.28752457355801
564,1,1,1,346,55.28752457355801
565,1,1,1,347,55.28752457355801
566,1,1,0,347,55.28752457355801
567,1,1,1,348,55.28752457355801
568,1,1,1,349,55.28752457355801
569,1,1,1,350,55.28752457355801
570,1,1,1,351,55.28752457355801
571,1,1,1,352,55.28752457355801
572,1,1,1,353,55.28752457355801
573,1,1,0,353,55.28752457355801
574,1,1,1,354,55.28752457355801
575,1,1,1,355,55.28752457355801
576,1,1,1,356,55.28752457355801
577,1,1,1,357,55.28752457355801
578,1,1,1,358,55.28752457355801
579,1,1,1,359,55.28752457355801
580,1,1,1,360,55.28752457355801
581,1,1,1,361,55.28752457355801
582,1,1,1,362,55.28752457355801
583,1,1,1,363,55.28752457355801
584,1,1,1,364,55.28752457355801
585,0,1,0,364,55.835434567222194
586,1,1,0,364,55.835434567222194
587,1,1,1,365,55.835434567222194
588,1,1,1,366,55.835434567222194
589,0,1,0,366,56.37454857122666
590,1,1,0,366,56.37454857122666
591,1,1,0,366,56.37454857122666
592,1,2,0,366,56.58168759973671
593,1,2,0,366,56.78245599816665
594,0,1,0,366,57.08732133729356
595,2,2,1,367,57.08732133729356
596,2,2,0,367,57.08732133729356
597,1,2,1,368,57.15467771944001
598,1,2,0,368,57.56803960639774
599,1,2,0,368,57.927265541985726
600,1,2,0,368,58.321809266007236
601,1,2,0,368,58.837312938888246
602,2,2,0,368,58.837312938888246
603,1,2,0,368,59.40189048088089
604,1,2,0,368,60.131306100647365
605,2,2,0,368,60.131306100647365
606,1,2,0,368,60.68688866556559
607,1,2,0,368,61.12457706121541
608,1,2,0,368,61.843343999112406
609,1,2,0,368,62.56545887889237
610,2,2,1,369,62.56545887889237
611,2,2,1,370,62.56545887889237
612,2,2,1,371,62.56545887889237
613,2,2,0,371,62.56545887889237
614,2,2,1,372,62.56545887889237
615,2,2,1,373,62.56545887889237
616,2,2,1,374,62.56545887889237
617,2,2,1,375,62.56545887889237
618,2,2,1,376,62.56545887889237
619,2,2,1,377,62.56545887889237
620,2,2,0,377,62.56545887889237
621,2,2,1,378,62.56545887889237
622,2,2,1,379,62.56545887889237
623,2,2,1,380,62.56545887889237
624,2,2,0,380,62.56545887889237
625,2,2,0,380,62.56545887889237
626,2,2,1,381,62.56545887889237
627,2,2,0,381,62.56545887889237
628,2,2,1,382,62.56545887889237
629,2,2,1,383,62.56545887889237
630,2,2,1,384,62.56545887889237
631,2,2,0,384,62.56545887889237
632,2,2,1,385,62.56545887889237
633,2,2,1,386,62.56545887889237
634,2,2,0,386,62.56545887889237
635,0,2,0,386,63.23667148408463
636,2,2,0,386,63.23667148408463
637,2,2,0,386,63.23667148408463
638,2,2,1,387,63.23667148408463
639,0,2,1,388,63.75308856819449
640,0,2,0,388,64.30246754890896
641,0,2,0,388,64.98531881182492
642,2,2,1,389,64.98531881182492
643,2,2,0,389,64.98531881182492
644,0,2,0,389,65.62881087945524
645,2,2,1,390,65.62881087945524
646,2,2,0,390,65.62881087945524
647,2,2,0,390,65.62881087945524
648,2,2,0,390,65.62881087945524
649,0,2,0,390,66.31656319407531
650,2,2,1,391,66.31656319407531
651,2,2,1,392,66.31656319407531
652,2,2,1,393,66.31656319407531
653,2,2,1,394,66.31656319407531
654,2,2,1,395,66.31656319407531
655,2,2,1,396,66.31656319407531
656,2,2,0,396,66.31656319407531
657,1,2,0,396,66.89911947950058
658,1,2,0,396,67.50049422479665
659,1,2,0,396,68.08292142310734
660,2,2,0,396,68.08292142310734
661,2,2,1,397,68.08292142310734
662,2,2,0,397,68.08292142310734
663,2,2,0,397,68.08292142310734
664,2,2,1,398,68.08292142310734
665,2,2,0,398,68.08292142310734
666,1,2,0,398,68.67613356437472
667,2,2,1,399,68.67613356437472
668,2,2,1,400,68.67613356437472
669,2,2,1,401,68.67613356437472
670,2,2,1,402,68.67613356437472
671,2,2,1,403,68.67613356437472
672,2,2,1,404,68.67613356437472
673,2,2,1,405,68.67613356437472
674,2,2,1,406,68.67613356437472
675,2,2,1,407,68.67613356437472
676,2,2,0,407,68.67613356437472
677,2,2,0,407,68.67613356437472
678,2,2,1,408,68.67613356437472
679,2,2,0,408,68.67613356437472
680,2,2,0,408,68.67613356437472
681,2,2,0,408,68.67613356437472
682,2,2,0,408,68.67613356437472
683,2,2,1,409,68.67613356437472
684,2,2,0,409,68.67613356437472
685,0,2,0,409,69.3435631859837
686,2,2,1,410,69.3435631859837
687,2,2,1,411,69.3435631859837
688,2,2,0,411,69.3435631859837
689,2,2,0,411,69.3435631859837
690,2,2,0,411,69.3435631859837
691,0,2,0,411,69.90669804464422
692,2,2,1,412,69.90669804464422
693,2,2,0,412,69.90669804464422
694,0,2,0,412,70.6704021369724
695,2,2,1,413,70.6704021369724
696,2,2,0,413,70.6704021369724
697,2,2,1,414,70.6704021369724
698,2,2,1,415,70.6704021369724
699,2,2,1,416,70.6704021369724
700,2,2,1,417,70.6704021369724
701,2,2,0,417,70.6704021369724
702,0,2,1,418,71.26647313229384
703,0,2,0,418,71.88220464738973
704,0,2,0,418,72.52301208183472
705,2,2,1,419,72.52301208183472
706,2,2,1,420,72.52301208183472
707,1,2,0,420,73.15595285866827
708,1,2,0,420,73.71764303618949
709,1,2,0,420,74.2985050959749
710,2,2,0,420,74.2985050959749
711,2,2,1,421,74.2985050959749
712,2,2,1,422,74.2985050959749
713,2,2,1,423,74.2985050959749
714,2,2,1,424,74.2985050959749
715,2,2,1,425,74.2985050959749
716,2,2,1,426,74.2985050959749
717,2,2,1,427,74.2985050959749
718,2,2,1,428,74.2985050959749
719,2,2,0,428,74.2985050959749
720,2,2,1,429,74.2985050959749
721,2,2,1,430,74.2985050959749
722,2,2,0,430,74.2985050959749
723,2,2,0,430,74.2985050959749
724,1,2,0,430,74.95432628201
725,2,2,1,431,74.95432628201
726,2,2,1,432,74.95432628201
727,2,2,1,433,74.95432628201
728,2,2,1,434,74.95432628201
729,2,2,1,435,74.95432628201
730,2,2,1,436,74.95432628201
731,2,2,1,437,74.95432628201
732,2,2,0,437,74.95432628201
733,2,2,1,438,74.95432628201
734,2,2,1,439,74.95432628201
735,2,2,1,440,74.95432628201
736,2,2,0,440,74.95432628201
737,2,2,1,441,74.95432628201
738,2,2,1,442,74.95432628201
739,2,2,1,443,74.95432628201
740,2,2,1,444,74.95432628201
741,2,2,0,444,74.95432628201
742,2,2,1,445,74.95432628201
743,2,2,0,445,74.95432628201
744,0,2,0,445,75.56871254967045
745,2,2,1,446,75.56871254967045
746,2,2,0,446,75.56871254967045
747,2,2,0,446,75.56871254967045
748,2,2,1,447,75.56871254967045
749,2,2,1,448,75.56871254967045
750,2,2,1,449,75.56871254967045
751,2,2,1,450,75.56871254967045
752,2,2,0,450,75.56871254967045
753,0,2,0,450,76.1742566966782
754,0,2,0,450,76.83065816211803
755,2,2,1,451,76.83065816211803
756,2,2,1,452,76.83065816211803
757,2,2,1,453,76.83065816211803
758,1,2,0,453,77.13273359601143
759,1,2,0,453,77.51546883025144
760,2,2,0,453,77.51546883025144
761,2,2,1,454,77.51546883025144
762,2,2,1,455,77.51546883025144
763,2,2,0,455,77.51546883025144
764,2,2,0,455,77.51546883025144
765,2,2,1,456,77.51546883025144
766,2,0,0,456,77.60671453178877
767,2,0,0,456,77.64649816570495
768,2,0,1,457,77.77973379696634
769,2,0,1,458,78.0174336852695
770,2,0,1,459,78.15153441608297
771,2,0,0,459,78.37341664018331
772,2,0,0,459,78.81327298972859
773,2,0,0,459,79.1562408450388
774,1,0,0,459,79.51573048224814
775,2,0,0,459,79.72031478124697
776,2,0,0,459,80.07946567681091
777,2,0,0,459,80.39281947027389
778,0,0,1,460,80.39281947027389
779,0,0,1,461,80.39281947027389
780,0,0,1,462,80.39281947027389
781,0,0,0,462,80.39281947027389
782,0,0,1,463,80.39281947027389
783,0,0,1,464,80.39281947027389
784,0,0,0,464,80.39281947027389
785,0,0,1,465,80.39281947027389
786,0,0,1,466,80.39281947027389
787,0,0,1,467,80.39281947027389
788,0,0,1,468,80.39281947027389
789,0,0,1,469,80.39281947027389
790,0,0,0,469,80.39281947027389
791,0,0,1,470,80.39281947027389
792,0,0,0,470,80.39281947027389
793,0,0,0,470,80.39281947027389
794,0,0,1,471,80.39281947027389
795,0,0,1,472,80.39281947027389
796,0,0,0,472,80.39281947027389
797,0,0,1,473,80.39281947027389
798,0,0,1,474,80.39281947027389
799,0,0,1,475,80.39281947027389
800,0,0,0,475,80.39281947027389
801,0,0,0,475,80.39281947027389
802,0,0,1,476,80.39281947027389
803,0,0,0,476,80.39281947027389
804,0,0,1,477,80.39281947027389
805,0,0,1,478,80.39281947027389
806,0,0,1,479,80.39281947027389
807,0,0,1,480,80.39281947027389
808,1,0,0,480,80.99023699532036
809,1,0,0,480,81.68108975782165
810,0,0,1,481,81.68108975782165
811,0,0,1,482,81.68108975782165
812,0,0,0,482,81.68108975782165
813,0,0,1,483,81.68108975782165
814,0,0,1,484,81.68108975782165
815,0,0,1,485,81.68108975782165
816,0,0,0,485,81.68108975782165
817,0,0,1,486,81.68108975782165
818,0,0,1,487,81.68108975782165
819,0,0,1,488,81.68108975782165
820,0,0,1,489,81.68108975782165
821,0,0,1,490,81.68108975782165
822,0,0,0,490,81.68108975782165
823,0,0,1,491,81.68108975782165
824,1,0,0,491,82.43384483594706
825,2,0,0,491,83.20768282294402
826,2,0,0,491,84.05086406127828
827,2,0,0,491,84.75196120204784
828,0,0,1,492,84.75196120204784
829,0,0,1,493,84.75196120204784
830,0,0,1,494,84.75196120204784
831,0,0,1,495,84.75196120204784
832,0,0,1,496,84.75196120204784
833,0,0,1,497,84.75196120204784
834,0,0,1,498,84.75196120204784
835,0,0,1,499,84.75196120204784
836,0,0,0,499,84.75196120204784
837,0,0,0,499,84.75196120204784
838,0,0,1,500,84.75196120204784
839,0,0,1,501,84.75196120204784
840,0,0,1,502,84.75196120204784
841,0,0,1,503,84.75196120204784
842,0,0,1,504,84.75196120204784
843,0,0,1,505,84.75196120204784
844,0,0,0,505,84.75196120204784
845,0,0,1,506,84.75196120204784
846,0,0,0,506,84.75196120204784
847,0,0,1,507,84.75196120204784
848,0,0,0,507,84.75196120204784
849,0,0,1,508,84.75196120204784
850,0,0,1,509,84.75196120204784
851,0,0,1,510,84.75196120204784
852,0,0,1,511,84.75196120204784
853,0,0,1,512,84.75196120204784
854,0,0,0,512,84.75196120204784
855,0,0,0,512,84.75196120204784
856,0,0,1,513,84.75196120204784
857,0,0,1,514,84.75196120204784
858,1,0,0,514,85.4667589888083
859,1,0,0,514,86.11944359638012
860,0,0,1,515,86.11944359638012
861,0,0,1,516,86.11944359638012
862,0,0,0,516,86.11944359638012
863,0,0,1,517,86.11944359638012
864,0,0,0,517,86.11944359638012
865,0,0,1,518,86.11944359638012
866,0,0,1,519,86.11944359638012
867,0,0,1,520,86.11944359638012
868,0,0,1,521,86.11944359638012
869,0,0,1,522,86.11944359638012
870,0,0,0,522,86.11944359638012
871,0,0,0,522,86.11944359638012
872,0,0,1,523,86.11944359638012
873,0,0,1,524,86.11944359638012
874,1,0,0,524,86.89703689876939
875,2,0,0,524,87.67014094767444
876,2,0,0,524,88.39292914667105
877,2,0,0,524,89.01240337670616
878,0,0,1,525,89.01240337670616
879,0,0,1,526,89.01240337670616
880,0,0,1,527,89.01240337670616
881,0,0,1,528,89.01240337670616
882,0,0,1,529,89.01240337670616
883,0,0,1,530,89.01240337670616
884,0,0,1,531,89.01240337670616
885,0,0,1,532,89.01240337670616
886,0,0,1,533,89.01240337670616
887,0,0,1,534,89.01240337670616
888,0,0,0,534,89.01240337670616
889,0,0,1,535,89.01240337670616
890,0,0,1,536,89.01240337670616
891,0,0,1,537,89.01240337670616
892,0,0,1,538,89.01240337670616
893,0,0,1,539,89.01240337670616
894,0,0,1,540,89.01240337670616
895,0,0,1,541,89.01240337670616
896,0,0,0,541,89.01240337670616
897,0,0,1,542,89.01240337670616
898,0,0,1,543,89.01240337670616
899,0,0,0,543,89.01240337670616
900,0,0,1,544,89.01240337670616
901,0,0,0,544,89.01240337670616
902,0,0,1,545,89.01240337670616
903,0,0,1,546,89.01240337670616
904,0,0,1,547,89.01240337670616
905,0,0,1,548,89.01240337670616
906,0,0,0,548,89.01240337670616
907,0,0,1,549,89.01240337670616
908,0,0,1,550,89.01240337670616
909,1,0,0,550,89.61944817207728
910,0,0,1,551,89.61944817207728
911,0,0,1,552,89.61944817207728
912,0,0,1,553,89.61944817207728
913,0,0,1,554,89.61944817207728
914,0,0,1,555,89.61944817207728
915,0,0,1,556,89.61944817207728
916,0,0,1,557,89.61944817207728
917,0,0,1,558,89.61944817207728
918,0,0,0,558,89.61944817207728
919,0,0,0,558,89.61944817207728
920,0,0,1,559,89.61944817207728
921,0,0,1,560,89.61944817207728
922,0,0,1,561,89.61944817207728
923,0,0,1,562,89.61944817207728
924,1,0,0,562,90.25592623000095
925,0,0,1,563,90.25592623000095
926,2,0,0,563,90.91097599287946
927,2,0,0,563,91.52936208206344
928,0,0,1,564,91.52936208206344
929,0,0,1,565,91.52936208206344
930,0,0,1,566,91.52936208206344
931,0,0,1,567,91.52936208206344
932,0,0,1,568,91.52936208206344
933,0,0,1,569,91.52936208206344
934,0,0,1,570,91.52936208206344
935,0,0,1,571,91.52936208206344
936,0,0,1,572,91.52936208206344
937,0,0,0,572,91.52936208206344
938,0,0,0,572,91.52936208206344
939,0,0,1,573,91.52936208206344
940,0,0,1,574,91.52936208206344
941,0,0,0,574,91.52936208206344
942,0,0,1,575,91.52936208206344
943,0,0,1,576,91.52936208206344
944,0,0,1,577,91.52936208206344
945,0,0,1,578,91.52936208206344
946,0,0,1,579,91.52936208206344
947,0,0,1,580,91.52936208206344
948,0,0,0,580,91.52936208206344
949,0,0,1,581,91.52936208206344
950,0,0,1,582,91.52936208206344
951,0,0,0,582,91.52936208206344
952,0,0,1,583,91.52936208206344
953,0,0,1,584,91.52936208206344
954,0,0,1,585,91.52936208206344
955,0,0,1,586,91.52936208206344
956,0,0,1,587,91.52936208206344
957,0,0,0,587,91.52936208206344
958,0,0,1,588,91.52936208206344
959,1,0,0,588,92.28276938531137
960,0,0,1,589,92.28276938531137
961,0,0,1,590,92.28276938531137
962,0,0,1,591,92.28276938531137
963,0,0,0,591,92.28276938531137
964,0,0,0,591,92.28276938531137
965,1,0,0,591,92.9714603423642
966,2,0,0,591,93.68694214766049
967,0,0,0,591,93.68694214766049
968,0,0,1,592,93.68694214766049
969,0,0,1,593,93.68694214766049
970,0,0,1,594,93.68694214766049
971,0,0,1,595,93.68694214766049
972,0,0,1,596,93.68694214766049
973,0,0,0,596,93.68694214766049
974,1,0,0,596,94.36234537176396
975,0,0,0,596,94.36234537176396
976,2,0,0,596,95.08320665631378
977,2,0,0,596,95.7833947093523
978,0,0,1,597,95.7833947093523
979,0,0,1,598,95.7833947093523
980,0,0,1,599,95.7833947093523
981,0,0,0,599,95.7833947093523
982,0,0,1,600,95.7833947093523
983,0,0,1,601,95.7833947093523
984,0,0,1,602,95.7833947093523
985,0,0,1,603,95.7833947093523
986,0,0,0,603,95.7833947093523
987,0,0,1,604,95.7833947093523
988,0,0,1,605,95.7833947093523
989,0,0,0,605,95.7833947093523
990,0,0,0,605,95.7833947093523
991,0,0,1,606,95.7833947093523
992,0,0,0,606,95.7833947093523
993,0,0,1,607,95.7833947093523
994,0,0,1,608,95.7833947093523
995,0,0,1,609,95.7833947093523
996,0,0,1,610,95.7833947093523
997,0,0,1,611,95.7833947093523
998,0,0,1,612,95.7833947093523
999,0,0,0,612,95.7833947093523
1000,0,0,1,613,95.7833947093523
1001,0,0,1,614,95.7833947093523
1002,0,0,1,615,95.7833947093523
1003,0,0,1,616,95.7833947093523
1004,0,0,1,617,95.7833947093523
1005,0,0,1,618,95.7833947093523
1006,0,0,1,619,95.7833947093523
1007,0,0,1,620,95.7833947093523
1008,0,0,1,621,95.7833947093523
1009,1,0,0,621,96.44168536440743
1010,0,0,1,622,96.44168536440743
1011,0,0,1,623,96.44168536440743
1012,0,0,1,624,96.44168536440743
1013,0,0,1,625,96.44168536440743
1014,0,0,1,626,96.44168536440743
1015,0,0,1,627,96.44168536440743
1016,0,0,1,628,96.44168536440743
1017,0,0,1,629,96.44168536440743
1018,0,0,0,629,96.44168536440743
1019,0,0,1,630,96.44168536440743
1020,0,0,1,631,96.44168536440743
1021,0,0,0,631,96.44168536440743
1022,1,0,0,631,96.59696620911495
1023,0,0,0,631,96.59696620911495
1024,1,1,1,632,96.59696620911495
1025,1,1,1,633,96.59696620911495
1026,2,1,0,633,97.10678953231411
1027,2,1,0,633,97.49274437949026
1028,1,1,0,633,97.49274437949026
1029,1,1,1,634,97.49274437949026
1030,1,1,0,634,97.49274437949026
1031,0,1,0,634,97.8963277789917
1032,0,1,0,634,98.34921261870444
1033,2,1,0,634,99.01790596815376
1034,0,1,0,634,99.58445964582685
1035,1,1,1,635,99.58445964582685
1036,1,1,1,636,99.58445964582685
1037,1,1,1,637,99.58445964582685
1038,1,1,0,637,99.58445964582685
1039,0,1,0,637,100.32815103382954
1040,0,1,0,637,100.98809841884987
1041,1,1,1,638,100.98809841884987
1042,1,1,1,639,100.98809841884987
1043,1,1,0,639,100.98809841884987
1044,0,1,0,639,101.51481030761103
1045,1,1,1,640,101.51481030761103
1046,1,1,1,641,101.51481030761103
1047,1,1,1,642,101.51481030761103
1048,1,1,1,643,101.51481030761103
1049,1,1,0,643,101.51481030761103
1050,1,1,0,643,101.51481030761103
1051,0,1,0,643,102.09810335308255
1052,1,1,1,644,102.09810335308255
1053,1,1,0,644,102.09810335308255
1054,1,1,1,645,102.09810335308255
1055,1,1,1,646,102.09810335308255
1056,1,1,0,646,102.09810335308255
1057,1,1,0,646,102.09810335308255
1058,1,1,1,647,102.09810335308255
1059,1,1,1,648,102.09810335308255
1060,1,1,1,649,102.09810335308255
1061,1,1,1,650,102.09810335308255
1062,1,1,1,651,102.09810335308255
1063,1,1,1,652,102.09810335308255
1064,1,1,1,653,102.09810335308255
1065,1,1,0,653,102.09810335308255
1066,1,1,1,654,102.09810335308255
1067,1,1,0,654,102.09810335308255
1068,1,1,1,655,102.09810335308255
1069,1,1,0,655,102.09810335308255
1070,1,1,0,655,102.09810335308255
1071,1,1,1,656,102.09810335308255
1072,1,1,1,657,102.09810335308255
1073,1,1,1,658,102.09810335308255
1074,1,1,1,659,102.09810335308255
1075,1,1,1,660,102.09810335308255
1076,2,1,0,660,102.56762471670945
1077,2,1,0,660,103.10803684390831
1078,1,1,1,661,103.10803684390831
1079,1,1,0,661,103.10803684390831
1080,1,1,1,662,103.10803684390831
1081,1,1,0,662,103.10803684390831
1082,1,1,1,663,103.10803684390831
1083,2,1,0,663,103.68424558487949
1084,1,1,1,664,103.68424558487949
1085,1,1,0,664,103.68424558487949
1086,1,1,1,665,103.68424558487949
1087,1,1,0,665,103.68424558487949
1088,1,1,1,666,103.68424558487949
1089,1,1,1,667,103.68424558487949
1090,0,1,0,667,104.20185108158326
1091,1,1,0,667,104.20185108158326
1092,1,1,1,668,104.20185108158326
1093,1,1,0,668,104.20185108158326
1094,0,1,0,668,104.81770927890778
1095,1,1,1,669,104.81770927890778
1096,1,1,1,670,104.81770927890778
1097,1,1,1,671,104.81770927890778
1098,1,1,1,672,104.81770927890778
1099,1,1,1,673,104.81770927890778
1100,1,1,0,673,104.81770927890778
1101,0,1,0,673,105.44669466549568
1102,1,1,0,673,105.44669466549568
1103,1,1,1,674,105.44669466549568
1104,1,1,1,675,105.44669466549568
1105,1,1,1,676,105.44669466549568
1106,1,1,1,677,105.44669466549568
1107,1,1,1,678,105.44669466549568
1108,1,1,0,678,105.44669466549568
1109,1,1,1,679,105.44669466549568
1110,1,1,1,680,105.44669466549568
1111,1,1,0,680,105.44669466549568
1112,1,1,1,681,105.44669466549568
1113,1,1,1,682,105.44669466549568
1114,1,1,1,683,105.44669466549568
1115,1,1,1,684,105.44669466549568
1116,1,1,1,685,105.44669466549568
1117,1,1,1,686,105.44669466549568
1118,1,1,1,687,105.44669466549568
1119,1,1,1,688,105.44669466549568
1120,1,1,1,689,105.44669466549568
1121,1,1,1,690,105.44669466549568
1122,1,1,0,690,105.44669466549568
1123,1,1,0,690,105.44669466549568
1124,1,1,1,691,105.44669466549568
1125,1,1,1,692,105.44669466549568
1126,2,1,0,692,106.01060573085145
1127,2,1,0,692,106.54826213787412
1128,1,1,1,693,106.54826213787412
1129,1,1,1,694,106.54826213787412
1130,1,1,0,694,106.54826213787412
1131,1,1,0,694,106.54826213787412
1132,1,1,1,695,106.54826213787412
1133,2,1,0,695,107.00610770546801
1134,1,1,1,696,107.00610770546801
1135,1,1,1,697,107.00610770546801
1136,1,1,1,698,107.00610770546801
1137,1,1,0,698,107.00610770546801
1138,1,1,1,699,107.00610770546801
1139,1,1,1,700,107.00610770546801
1140,0,1,0,700,107.65082285912564
1141,1,1,1,701,107.65082285912564
1142,1,1,1,702,107.65082285912564
1143,1,1,1,703,107.65082285912564
1144,1,1,0,703,107.65082285912564
1145,0,1,0,703,108.1431426830762
1146,1,1,1,704,108.1431426830762
1147,1,1,1,705,108.1431426830762
1148,1,1,1,706,108.1431426830762
1149,1,1,1,707,108.1431426830762
1150,1,1,1,708,108.1431426830762
1151,1,1,0,708,108.1431426830762
1152,1,1,1,709,108.1431426830762
1153,1,1,1,710,108.1431426830762
1154,1,1,1,711,108.1431426830762
1155,1,1,1,712,108.1431426830762
1156,1,1,1,713,108.1431426830762
1157,1,1,1,714,108.1431426830762
1158,1,1,1,715,108.1431426830762
1159,1,1,1,716,108.1431426830762
1160,1,1,1,717,108.1431426830762
1161,1,1,0,717,108.1431426830762
1162,1,1,1,718,108.1431426830762
1163,1,1,1,719,108.1431426830762
1164,1,1,1,720,108.1431426830762
1165,1,1,0,720,108.1431426830762
1166,1,1,1,721,108.1431426830762
1167,1,1,1,722,108.1431426830762
1168,1,1,1,723,108.1431426830762
1169,1,1,1,724,108.1431426830762
1170,1,1,1,725,108.1431426830762
1171,1,1,0,725,108.1431426830762
1172,1,1,0,725,108.1431426830762
1173,1,1,1,726,108.1431426830762
1174,1,1,0,726,108.1431426830762
1175,0,1,0,726,108.55875576895791
1176,2,1,0,726,108.69205452598871
1177,2,1,0,726,108.70206514064974
1178,1,2,0,726,108.75910286152235
1179,1,2,0,726,108.77769890921758
1180,1,2,0,726,108.86795803578607
1181,1,2,0,726,108.97072162147586
1182,1,2,0,726,109.10231292746812
1183,2,2,0,726,109.10231292746812
1184,1,2,1,727,109.3755550590824
1185,1,2,0,727,109.74235788701873
1186,1,2,1,728,110.12935300094783
1187,1,2,0,728,110.55556521316893
1188,1,2,0,728,111.05801304233312
1189,1,2,0,728,111.62128626565467
1190,0,2,0,728,112.19039872079468
1191,1,2,0,728,112.71586114895719
1192,1,2,0,728,113.30002674233815
1193,0,2,0,728,113.94432756469955
1194,1,2,1,729,114.58609330820846
1195,1,2,0,729,115.2266535338373
1196,0,2,0,729,115.92642309225431
1197,2,2,0,729,115.92642309225431
1198,1,2,0,729,116.72340858076704
1199,1,2,0,729,117.43635783509028
1200,1,2,0,729,118.25343831517544
1201,1,2,0,729,118.86323198392947
1202,1,2,0,729,119.55887291012095
1203,0,2,0,729,120.26876116327855
1204,2,2,1,730,120.26876116327855
1205,2,2,1,731,120.26876116327855
1206,2,2,1,732,120.26876116327855
1207,2,2,0,732,120.26876116327855
1208,2,2,1,733,120.26876116327855
1209,2,2,1,734,120.26876116327855
1210,2,2,1,735,120.26876116327855
1211,2,2,1,736,120.26876116327855
1212,2,2,1,737,120.26876116327855
1213,2,2,0,737,120.26876116327855
1214,2,2,1,738,120.26876116327855
1215,2,2,1,739,120.26876116327855
1216,2,2,1,740,120.26876116327855
1217,2,2,1,741,120.26876116327855
1218,2,2,1,742,120.26876116327855
1219,2,2,1,743,120.26876116327855
1220,2,2,0,743,120.26876116327855
1221,2,2,1,744,120.26876116327855
1222,2,2,1,745,120.26876116327855
1223,2,2,1,746,120.26876116327855
1224,2,2,0,746,120.26876116327855
1225,2,2,1,747,120.26876116327855
1226,2,2,1,748,120.26876116327855
1227,2,2,1,749,120.26876116327855
1228,2,2,1,750,120.26876116327855
1229,2,2,1,751,120.26876116327855
1230,2,2,1,752,120.26876116327855
1231,2,2,1,753,120.26876116327855
1232,2,2,1,754,120.26876116327855
1233,2,2,1,755,120.26876116327855
1234,2,2,1,756,120.26876116327855
1235,2,2,1,757,120.26876116327855
1236,2,2,1,758,120.26876116327855
1237,2,2,1,759,120.26876116327855
1238,2,2,1,760,120.26876116327855
1239,2,2,1,761,120.26876116327855
1240,2,2,1,762,120.26876116327855
1241,2,2,1,763,120.26876116327855
1242,2,2,1,764,120.26876116327855
1243,2,2,1,765,120.26876116327855
1244,2,2,1,766,120.26876116327855
1245,2,2,1,767,120.26876116327855
1246,0,2,0,767,121.01240932678063
1247,2,2,0,767,121.01240932678063
1248,2,2,1,768,121.01240932678063
1249,2,2,1,769,121.01240932678063
1250,2,2,1,770,121.01240932678063
1251,1,2,0,770,121.73685186511686
1252,1,2,0,770,122.53755021165212
1253,0,2,0,770,123.29272149144079
1254,2,2,1,771,123.29272149144079
1255,2,2,1,772,123.29272149144079
1256,2,2,1,773,123.29272149144079
1257,2,2,1,774,123.29272149144079
1258,2,2,0,774,123.29272149144079
1259,2,2,1,775,123.29272149144079
1260,2,2,1,776,123.29272149144079
1261,2,2,1,777,123.29272149144079
1262,2,2,1,778,123.29272149144079
1263,2,2,1,779,123.29272149144079
1264,2,2,1,780,123.29272149144079
1265,2,2,1,781,123.29272149144079
1266,2,2,0,781,123.29272149144079
1267,2,2,0,781,123.29272149144079
1268,2,2,1,782,123.29272149144079
1269,2,2,0,782,123.29272149144079
1270,2,2,1,783,123.29272149144079
1271,2,2,1,784,123.29272149144079
1272,2,2,0,784,123.29272149144079
1273,2,2,1,785,123.29272149144079
1274,2,2,1,786,123.29272149144079
1275,2,2,1,787,123.29272149144079
1276,2,2,1,788,123.29272149144079
1277,2,2,1,789,123.29272149144079
1278,2,2,1,790,123.29272149144079
1279,2,2,1,791,123.29272149144079
1280,2,2,1,792,123.29272149144079
1281,2,2,1,793,123.29272149144079
1282,2,2,1,794,123.29272149144079
1283,2,2,1,795,123.29272149144079
1284,2,2,0,795,123.29272149144079
1285,2,2,1,796,123.29272149144079
1286,2,2,1,797,123.29272149144079
1287,2,2,1,798,123.29272149144079
1288,2,2,1,799,123.29272149144079
1289,2,2,1,800,123.29272149144079
1290,2,2,0,800,123.29272149144079
1291,2,2,1,801,123.29272149144079
1292,2,2,0,801,123.29272149144079
1293,2,2,1,802,123.29272149144079
1294,2,2,1,803,123.29272149144079
1295,2,2,1,804,123.29272149144079
1296,0,2,1,805,124.03752345632927
1297,0,2,0,805,124.76009014235872
1298,0,2,0,805,125.45423543011388
1299,2,2,1,806,125.45423543011388
1300,2,2,1,807,125.45423543011388
1301,1,2,0,807,126.28257320496743
1302,1,2,0,807,126.99362793134848
1303,0,2,0,807,127.76242283763688
1304,2,2,1,808,127.76242283763688
1305,2,2,1,809,127.76242283763688
1306,2,2,1,810,127.76242283763688
1307,2,2,1,811,127.76242283763688
1308,2,2,1,812,127.76242283763688
1309,2,2,1,813,127.76242283763688
1310,2,2,1,814,127.76242283763688
1311,2,2,1,815,127.76242283763688
1312,2,2,1,816,127.76242283763688
1313,2,2,1,817,127.76242283763688
1314,2,2,1,818,127.76242283763688
1315,2,2,1,819,127.76242283763688
1316,2,2,1,820,127.76242283763688
1317,2,2,1,821,127.76242283763688
1318,2,2,1,822,127.76242283763688
1319,2,2,1,823,127.76242283763688
1320,2,2,1,824,127.76242283763688
1321,2,2,1,825,127.76242283763688
1322,2,2,1,826,127.76242283763688
1323,2,2,0,826,127.76242283763688
1324,2,2,1,827,127.76242283763688
1325,2,2,1,828,127.76242283763688
1326,2,2,1,829,127.76242283763688
1327,2,2,0,829,127.76242283763688
1328,2,2,1,830,127.76242283763688
1329,2,2,1,831,127.76242283763688
1330,2,2,1,832,127.76242283763688
1331,2,2,1,833,127.76242283763688
1332,2,2,1,834,127.76242283763688
1333,2,2,1,835,127.76242283763688
1334,2,2,1,836,127.76242283763688
1335,2,2,1,837,127.76242283763688
1336,2,2,1,838,127.76242283763688
1337,2,2,1,839,127.76242283763688
1338,2,2,1,840,127.76242283763688
1339,2,2,1,841,127.76242283763688
1340,2,2,1,842,127.76242283763688
1341,2,2,0,842,127.76242283763688
1342,2,2,1,843,127.76242283763688
1343,2,2,1,844,127.76242283763688
1344,2,2,0,844,127.76242283763688
1345,2,2,1,845,127.76242283763688
1346,2,2,1,846,127.76242283763688
1347,2,2,1,847,127.76242283763688
1348,0,2,0,847,128.43850153674992
1349,2,2,1,848,128.43850153674992
1350,2,2,1,849,128.43850153674992
1351,1,2,0,849,129.21805417068686
1352,1,2,0,849,129.98775130149954
1353,0,2,1,850,130.7320875526673
1354,0,2,0,850,131.53660797676952
1355,0,2,0,850,132.33993815781372
1356,2,2,0,850,132.33993815781372
1357,2,2,1,851,132.33993815781372
1358,2,2,1,852,132.33993815781372
1359,2,2,1,853,132.33993815781372
1360,2,2,1,854,132.33993815781372
1361,2,2,1,855,132.33993815781372
1362,2,2,1,856,132.33993815781372
1363,2,2,0,856,132.33993815781372
1364,2,2,1,857,132.33993815781372
1365,2,2,0,857,132.33993815781372
1366,2,2,1,858,132.33993815781372
1367,2,2,1,859,132.33993815781372
1368,2,2,1,860,132.33993815781372
1369,2,2,0,860,132.33993815781372
1370,2,2,1,861,132.33993815781372
1371,2,2,1,862,132.33993815781372
1372,2,2,0,862,132.33993815781372
1373,2,2,1,863,132.33993815781372
1374,2,2,1,864,132.33993815781372
1375,2,2,1,865,132.33993815781372
1376,2,2,0,865,132.33993815781372
1377,2,2,1,866,132.33993815781372
1378,2,2,1,867,132.33993815781372
1379,2,2,1,868,132.33993815781372
1380,2,2,0,868,132.33993815781372
1381,2,2,1,869,132.33993815781372
1382,2,2,0,869,132.33993815781372
1383,1,2,0,869,132.70663357673664
1384,2,2,1,870,132.70663357673664
1385,2,2,0,870,132.70663357673664
1386,2,2,0,870,132.70663357673664
1387,0,0,0,870,132.70663357673664
1388,2,0,0,870,132.87499164549996
1389,2,0,1,871,133.08712274968022
1390,2,0,1,872,133.35972771807863
1391,2,0,0,872,133.6869444530816
1392,2,0,1,873,134.07411325797494
1393,2,0,1,874,134.4937176190784
1394,2,0,1,875,134.99121033173455
1395,2,0,0,875,135.52761211166802
1396,2,0,0,875,136.105826997482
1397,2,0,0,875,136.74707275650695
1398,0,0,0,875,136.74707275650695
1399,2,0,0,875,137.42431813924992
1400,2,0,0,875,138.1519437869946
1401,1,0,1,876,138.85494894656284
1402,1,0,0,876,139.541500438818
1403,1,0,0,876,140.26791351211372
1404,1,0,0,876,140.91248610764416
1405,0,0,1,877,140.91248610764416
1406,0,0,1,878,140.91248610764416
1407,0,0,0,878,140.91248610764416
1408,0,0,1,879,140.91248610764416
1409,0,0,1,880,140.91248610764416
1410,0,0,1,881,140.91248610764416
1411,0,0,1,882,140.91248610764416
1412,0,0,1,883,140.91248610764416
1413,0,0,1,884,140.91248610764416
1414,0,0,1,885,140.91248610764416
1415,0,0,1,886,140.91248610764416
1416,0,0,1,887,140.91248610764416
1417,0,0,1,888,140.91248610764416
1418,0,0,1,889,140.91248610764416
1419,0,0,1,890,140.91248610764416
1420,0,0,1,891,140.91248610764416
1421,0,0,1,892,140.91248610764416
1422,0,0,1,893,140.91248610764416
1423,0,0,1,894,140.91248610764416
1424,0,0,1,895,140.91248610764416
1425,0,0,1,896,140.91248610764416
1426,0,0,1,897,140.91248610764416
1427,0,0,0,897,140.91248610764416
1428,0,0,0,897,140.91248610764416
1429,0,0,1,898,140.91248610764416
1430,0,0,1,899,140.91248610764416
1431,0,0,0,899,140.91248610764416
1432,0,0,0,899,140.91248610764416
1433,0,0,1,900,140.91248610764416
1434,0,0,1,901,140.91248610764416
1435,0,0,0,901,140.91248610764416
1436,0,0,0,901,140.91248610764416
1437,0,0,0,901,140.91248610764416
1438,0,0,1,902,140.91248610764416
1439,0,0,0,902,140.91248610764416
1440,0,0,1,903,140.91248610764416
1441,0,0,1,904,140.91248610764416
1442,0,0,1,905,140.91248610764416
1443,0,0,0,905,140.91248610764416
1444,1,0,1,906,141.5510855169446
1445,1,0,0,906,142.12909817510894
1446,0,0,1,907,142.12909817510894
1447,2,0,0,907,142.81215338693954
1448,0,0,1,908,142.81215338693954
1449,2,0,1,909,143.54483119086842
1450,2,0,0,909,144.2492141189996
1451,2,0,0,909,144.9681473505431
1452,0,0,1,910,144.9681473505431
1453,1,0,0,910,145.6677967061298
1454,1,0,1,911,146.32329484300897
1455,1,0,0,911,147.01066011517236
1456,1,0,0,911,147.72575185848027
1457,0,0,0,911,147.72575185848027
1458,0,0,1,912,147.72575185848027
1459,0,0,0,912,147.72575185848027
1460,2,0,0,912,148.40006853771501
1461,0,0,1,913,148.40006853771501
1462,0,0,1,914,148.40006853771501
1463,0,0,1,915,148.40006853771501
1464,0,0,0,915,148.40006853771501
1465,0,0,1,916,148.40006853771501
1466,0,0,1,917,148.40006853771501
1467,0,0,1,918,148.40006853771501
1468,0,0,1,919,148.40006853771501
1469,0,0,1,920,148.40006853771501
1470,0,0,1,921,148.40006853771501
1471,0,0,1,922,148.40006853771501
1472,0,0,0,922,148.40006853771501
1473,1,0,0,922,149.10122682080296
1474,0,0,0,922,149.10122682080296
1475,0,0,1,923,149.10122682080296
1476,0,0,0,923,149.10122682080296
1477,0,0,1,924,149.10122682080296
1478,0,0,0,924,149.10122682080296
1479,0,0,1,925,149.10122682080296
1480,0,0,1,926,149.10122682080296
1481,0,0,1,927,149.10122682080296
1482,0,0,1,928,149.10122682080296
1483,0,0,0,928,149.10122682080296
1484,0,0,0,928,149.10122682080296
1485,0,0,1,929,149.10122682080296
1486,0,0,1,930,149.10122682080296
1487,0,0,0,930,149.10122682080296
1488,0,0,0,930,149.10122682080296
1489,0,0,1,931,149.10122682080296
1490,0,0,1,932,149.10122682080296
1491,0,0,1,933,149.10122682080296
1492,0,0,1,934,149.10122682080296
1493,0,0,1,935,149.10122682080296
1494,0,0,1,936,149.10122682080296
1495,0,0,1,937,149.10122682080296
1496,0,0,1,938,149.10122682080296
1497,2,0,0,938,149.86031272362652
1498,0,0,0,938,149.86031272362652
1499,0,0,0,938,149.86031272362652
1500,0,0,0,938,149.86031272362652
